{
  "Create a hero" : {
    "transaction" : "Create a hero",
    "sampleCount" : 9590,
    "errorCount" : 0,
    "errorPct" : 0.0,
    "meanResTime" : 58.59301355578729,
    "medianResTime" : 57.0,
    "minResTime" : 7.0,
    "maxResTime" : 196.0,
    "pct1ResTime" : 69.0,
    "pct2ResTime" : 79.0,
    "pct3ResTime" : 114.0,
    "throughput" : 318.20293317406595,
    "receivedKBytesPerSec" : 73.02508720303271,
    "sentKBytesPerSec" : 75.8217926703829
  },
  "Change a hero" : {
    "transaction" : "Change a hero",
    "sampleCount" : 9576,
    "errorCount" : 0,
    "errorPct" : 0.0,
    "meanResTime" : 58.39807852965738,
    "medianResTime" : 57.0,
    "minResTime" : 6.0,
    "maxResTime" : 197.0,
    "pct1ResTime" : 68.0,
    "pct2ResTime" : 78.0,
    "pct3ResTime" : 113.0,
    "throughput" : 319.327731092437,
    "receivedKBytesPerSec" : 81.39115021008404,
    "sentKBytesPerSec" : 76.40165441176471
  },
  "Get all Characters" : {
    "transaction" : "Get all Characters",
    "sampleCount" : 9635,
    "errorCount" : 0,
    "errorPct" : 0.0,
    "meanResTime" : 66.92641411520488,
    "medianResTime" : 57.0,
    "minResTime" : 6.0,
    "maxResTime" : 2776.0,
    "pct1ResTime" : 69.0,
    "pct2ResTime" : 86.0,
    "pct3ResTime" : 136.0,
    "throughput" : 318.92357088477706,
    "receivedKBytesPerSec" : 547.9325359554467,
    "sentKBytesPerSec" : 39.2425487612128
  },
  "Total" : {
    "transaction" : "Total",
    "sampleCount" : 47963,
    "errorCount" : 0,
    "errorPct" : 0.0,
    "meanResTime" : 60.28305151887854,
    "medianResTime" : 57.0,
    "minResTime" : 4.0,
    "maxResTime" : 2776.0,
    "pct1ResTime" : 65.0,
    "pct2ResTime" : 75.0,
    "pct3ResTime" : 113.0,
    "throughput" : 1587.390369022009,
    "receivedKBytesPerSec" : 858.1750062055271,
    "sentKBytesPerSec" : 296.2096834664074
  },
  "Get hero by id" : {
    "transaction" : "Get hero by id",
    "sampleCount" : 9609,
    "errorCount" : 0,
    "errorPct" : 0.0,
    "meanResTime" : 58.74960974086815,
    "medianResTime" : 57.0,
    "minResTime" : 7.0,
    "maxResTime" : 196.0,
    "pct1ResTime" : 69.0,
    "pct2ResTime" : 82.0,
    "pct3ResTime" : 115.0,
    "throughput" : 318.62192453080445,
    "receivedKBytesPerSec" : 79.96663535587572,
    "sentKBytesPerSec" : 39.51658634317594
  },
  "Delete a hero" : {
    "transaction" : "Delete a hero",
    "sampleCount" : 9553,
    "errorCount" : 0,
    "errorPct" : 0.0,
    "meanResTime" : 58.71119020203073,
    "medianResTime" : 57.0,
    "minResTime" : 4.0,
    "maxResTime" : 197.0,
    "pct1ResTime" : 69.0,
    "pct2ResTime" : 80.0,
    "pct3ResTime" : 114.0,
    "throughput" : 318.72018149668037,
    "receivedKBytesPerSec" : 77.50129413347013,
    "sentKBytesPerSec" : 66.6075379299703
  }
}