{
  "Create a hero" : {
    "transaction" : "Create a hero",
    "sampleCount" : 10484,
    "errorCount" : 76,
    "errorPct" : 0.72491413,
    "meanResTime" : 740.8288821060639,
    "medianResTime" : 565.5,
    "minResTime" : 0.0,
    "maxResTime" : 31308.0,
    "pct1ResTime" : 1756.5,
    "pct2ResTime" : 2175.0,
    "pct3ResTime" : 2957.0,
    "throughput" : 134.31898837969072,
    "receivedKBytesPerSec" : 33.10354572774269,
    "sentKBytesPerSec" : 31.773682625908037
  },
  "Change a hero" : {
    "transaction" : "Change a hero",
    "sampleCount" : 9878,
    "errorCount" : 69,
    "errorPct" : 0.698522,
    "meanResTime" : 682.2709050415078,
    "medianResTime" : 479.0,
    "minResTime" : 0.0,
    "maxResTime" : 31271.0,
    "pct1ResTime" : 1667.1000000000004,
    "pct2ResTime" : 1916.199999999997,
    "pct3ResTime" : 2989.0,
    "throughput" : 126.69625221250288,
    "receivedKBytesPerSec" : 34.341015835428266,
    "sentKBytesPerSec" : 30.10132471606213
  },
  "Get all Characters" : {
    "transaction" : "Get all Characters",
    "sampleCount" : 18980,
    "errorCount" : 3834,
    "errorPct" : 20.20021,
    "meanResTime" : 30977.842834562685,
    "medianResTime" : 8153.0,
    "minResTime" : 0.0,
    "maxResTime" : 134973.0,
    "pct1ResTime" : 85814.20000000001,
    "pct2ResTime" : 132644.85,
    "pct3ResTime" : 134404.19,
    "throughput" : 133.01469609155447,
    "receivedKBytesPerSec" : 725.1438354446847,
    "sentKBytesPerSec" : 13.060865567905473
  },
  "Total" : {
    "transaction" : "Total",
    "sampleCount" : 60090,
    "errorCount" : 4257,
    "errorPct" : 7.0843735,
    "meanResTime" : 10567.955566650026,
    "medianResTime" : 207.0,
    "minResTime" : 0.0,
    "maxResTime" : 134973.0,
    "pct1ResTime" : 79593.40000000004,
    "pct2ResTime" : 132502.85,
    "pct3ResTime" : 134389.98,
    "throughput" : 421.11976228353575,
    "receivedKBytesPerSec" : 802.0555014857279,
    "sentKBytesPerSec" : 70.1769087135839
  },
  "Get hero by id" : {
    "transaction" : "Get hero by id",
    "sampleCount" : 11450,
    "errorCount" : 211,
    "errorPct" : 1.8427948,
    "meanResTime" : 2342.328558951962,
    "medianResTime" : 616.0,
    "minResTime" : 1.0,
    "maxResTime" : 68896.0,
    "pct1ResTime" : 2053.5999999999985,
    "pct2ResTime" : 4656.449999999999,
    "pct3ResTime" : 65078.49,
    "throughput" : 108.92106314567836,
    "receivedKBytesPerSec" : 31.359201615147164,
    "sentKBytesPerSec" : 13.259825860072107
  },
  "Delete a hero" : {
    "transaction" : "Delete a hero",
    "sampleCount" : 9298,
    "errorCount" : 67,
    "errorPct" : 0.72058505,
    "meanResTime" : 617.6606797160665,
    "medianResTime" : 452.5,
    "minResTime" : 0.0,
    "maxResTime" : 31207.0,
    "pct1ResTime" : 1271.0,
    "pct2ResTime" : 1737.0499999999993,
    "pct3ResTime" : 2620.0,
    "throughput" : 119.38420451189604,
    "receivedKBytesPerSec" : 31.031134542358412,
    "sentKBytesPerSec" : 24.76965147240091
  }
}