{
  "Create a hero" : {
    "transaction" : "Create a hero",
    "sampleCount" : 85,
    "errorCount" : 0,
    "errorPct" : 0.0,
    "meanResTime" : 1.4588235294117649,
    "medianResTime" : 1.0,
    "minResTime" : 1.0,
    "maxResTime" : 8.0,
    "pct1ResTime" : 2.0,
    "pct2ResTime" : 2.700000000000003,
    "pct3ResTime" : 8.0,
    "throughput" : 0.5061030068472759,
    "receivedKBytesPerSec" : 0.11614668614170885,
    "sentKBytesPerSec" : 0.12059485710032748
  },
  "Change a hero" : {
    "transaction" : "Change a hero",
    "sampleCount" : 85,
    "errorCount" : 0,
    "errorPct" : 0.0,
    "meanResTime" : 1.388235294117647,
    "medianResTime" : 1.0,
    "minResTime" : 1.0,
    "maxResTime" : 2.0,
    "pct1ResTime" : 2.0,
    "pct2ResTime" : 2.0,
    "pct3ResTime" : 2.0,
    "throughput" : 0.5061120472530025,
    "receivedKBytesPerSec" : 0.12899926204397816,
    "sentKBytesPerSec" : 0.12109126130565
  },
  "Get all Characters" : {
    "transaction" : "Get all Characters",
    "sampleCount" : 85,
    "errorCount" : 0,
    "errorPct" : 0.0,
    "meanResTime" : 2.9411764705882346,
    "medianResTime" : 2.0,
    "minResTime" : 1.0,
    "maxResTime" : 49.0,
    "pct1ResTime" : 4.0,
    "pct2ResTime" : 4.0,
    "pct3ResTime" : 49.0,
    "throughput" : 0.5059343118698142,
    "receivedKBytesPerSec" : 3.689763126019309,
    "sentKBytesPerSec" : 0.06225363603085604
  },
  "Total" : {
    "transaction" : "Total",
    "sampleCount" : 424,
    "errorCount" : 0,
    "errorPct" : 0.0,
    "meanResTime" : 1.7712264150943382,
    "medianResTime" : 1.0,
    "minResTime" : 1.0,
    "maxResTime" : 49.0,
    "pct1ResTime" : 3.0,
    "pct2ResTime" : 3.0,
    "pct3ResTime" : 6.0,
    "throughput" : 2.52362926457634,
    "receivedKBytesPerSec" : 4.18323100619301,
    "sentKBytesPerSec" : 0.47107637772897176
  },
  "Get hero by id" : {
    "transaction" : "Get hero by id",
    "sampleCount" : 85,
    "errorCount" : 0,
    "errorPct" : 0.0,
    "meanResTime" : 1.517647058823529,
    "medianResTime" : 1.0,
    "minResTime" : 1.0,
    "maxResTime" : 10.0,
    "pct1ResTime" : 2.0,
    "pct2ResTime" : 2.0,
    "pct3ResTime" : 10.0,
    "throughput" : 0.5060789006775503,
    "receivedKBytesPerSec" : 0.1270139428458305,
    "sentKBytesPerSec" : 0.06276564490825087
  },
  "Delete a hero" : {
    "transaction" : "Delete a hero",
    "sampleCount" : 84,
    "errorCount" : 0,
    "errorPct" : 0.0,
    "meanResTime" : 1.547619047619048,
    "medianResTime" : 1.5,
    "minResTime" : 1.0,
    "maxResTime" : 3.0,
    "pct1ResTime" : 2.0,
    "pct2ResTime" : 2.75,
    "pct3ResTime" : 3.0,
    "throughput" : 0.5186497817348835,
    "receivedKBytesPerSec" : 0.12611698794139256,
    "sentKBytesPerSec" : 0.10838970047975105
  }
}