{
  "Create a hero" : {
    "transaction" : "Create a hero",
    "sampleCount" : 100,
    "errorCount" : 0,
    "errorPct" : 0.0,
    "meanResTime" : 115.17999999999994,
    "medianResTime" : 28.0,
    "minResTime" : 4.0,
    "maxResTime" : 2015.0,
    "pct1ResTime" : 198.60000000000002,
    "pct2ResTime" : 213.0,
    "pct3ResTime" : 2014.95,
    "throughput" : 27.18868950516585,
    "receivedKBytesPerSec" : 6.239591829798804,
    "sentKBytesPerSec" : 8.49646547036433
  },
  "Change a hero" : {
    "transaction" : "Change a hero",
    "sampleCount" : 100,
    "errorCount" : 0,
    "errorPct" : 0.0,
    "meanResTime" : 103.21000000000001,
    "medianResTime" : 26.0,
    "minResTime" : 4.0,
    "maxResTime" : 1602.0,
    "pct1ResTime" : 329.70000000000005,
    "pct2ResTime" : 358.95,
    "pct3ResTime" : 1598.5199999999982,
    "throughput" : 27.137042062415198,
    "receivedKBytesPerSec" : 6.810761533242877,
    "sentKBytesPerSec" : 8.506826662143826
  },
  "Total" : {
    "transaction" : "Total",
    "sampleCount" : 500,
    "errorCount" : 0,
    "errorPct" : 0.0,
    "meanResTime" : 230.05399999999997,
    "medianResTime" : 41.5,
    "minResTime" : 4.0,
    "maxResTime" : 2707.0,
    "pct1ResTime" : 695.6000000000001,
    "pct2ResTime" : 1228.3499999999945,
    "pct3ResTime" : 2656.9,
    "throughput" : 131.92612137203167,
    "receivedKBytesPerSec" : 33.64579897757256,
    "sentKBytesPerSec" : 32.156992084432716
  },
  "Get hero by id" : {
    "transaction" : "Get hero by id",
    "sampleCount" : 100,
    "errorCount" : 0,
    "errorPct" : 0.0,
    "meanResTime" : 100.45,
    "medianResTime" : 26.0,
    "minResTime" : 5.0,
    "maxResTime" : 2010.0,
    "pct1ResTime" : 267.8,
    "pct2ResTime" : 273.95,
    "pct3ResTime" : 2002.5199999999961,
    "throughput" : 27.785495971103085,
    "receivedKBytesPerSec" : 6.973508266185051,
    "sentKBytesPerSec" : 4.721363573214782
  },
  "Delete a hero" : {
    "transaction" : "Delete a hero",
    "sampleCount" : 100,
    "errorCount" : 0,
    "errorPct" : 0.0,
    "meanResTime" : 73.69000000000004,
    "medianResTime" : 21.0,
    "minResTime" : 4.0,
    "maxResTime" : 1253.0,
    "pct1ResTime" : 208.9,
    "pct2ResTime" : 330.699999999999,
    "pct3ResTime" : 1248.0699999999974,
    "throughput" : 27.159152634437806,
    "receivedKBytesPerSec" : 6.604129888647474,
    "sentKBytesPerSec" : 6.895878598587724
  },
  "Get all heroes" : {
    "transaction" : "Get all heroes",
    "sampleCount" : 100,
    "errorCount" : 0,
    "errorPct" : 0.0,
    "meanResTime" : 757.74,
    "medianResTime" : 565.0,
    "minResTime" : 16.0,
    "maxResTime" : 2707.0,
    "pct1ResTime" : 2613.6,
    "pct2ResTime" : 2656.5,
    "pct3ResTime" : 2706.69,
    "throughput" : 27.397260273972602,
    "receivedKBytesPerSec" : 8.234696061643836,
    "sentKBytesPerSec" : 4.628638698630137
  }
}