{
  "Create a hero" : {
    "transaction" : "Create a hero",
    "sampleCount" : 18377,
    "errorCount" : 0,
    "errorPct" : 0.0,
    "meanResTime" : 211.0113184959464,
    "medianResTime" : 209.0,
    "minResTime" : 3.0,
    "maxResTime" : 755.0,
    "pct1ResTime" : 286.0,
    "pct2ResTime" : 305.0,
    "pct3ResTime" : 440.22000000000116,
    "throughput" : 296.7478361968738,
    "receivedKBytesPerSec" : 68.10131006471225,
    "sentKBytesPerSec" : 70.70944534378634
  },
  "Change a hero" : {
    "transaction" : "Change a hero",
    "sampleCount" : 18260,
    "errorCount" : 0,
    "errorPct" : 0.0,
    "meanResTime" : 211.12946330777615,
    "medianResTime" : 208.0,
    "minResTime" : 3.0,
    "maxResTime" : 748.0,
    "pct1ResTime" : 287.0,
    "pct2ResTime" : 305.0,
    "pct3ResTime" : 444.77999999999884,
    "throughput" : 295.5840455840456,
    "receivedKBytesPerSec" : 75.33929286858974,
    "sentKBytesPerSec" : 70.72079215633903
  },
  "Get all Characters" : {
    "transaction" : "Get all Characters",
    "sampleCount" : 19031,
    "errorCount" : 0,
    "errorPct" : 0.0,
    "meanResTime" : 2206.1597393725992,
    "medianResTime" : 212.0,
    "minResTime" : 4.0,
    "maxResTime" : 63345.0,
    "pct1ResTime" : 304.0,
    "pct2ResTime" : 518.7999999999956,
    "pct3ResTime" : 60102.0,
    "throughput" : 294.83485158331786,
    "receivedKBytesPerSec" : 623.918274118679,
    "sentKBytesPerSec" : 36.27850712841606
  },
  "Total" : {
    "transaction" : "Total",
    "sampleCount" : 92309,
    "errorCount" : 0,
    "errorPct" : 0.0,
    "meanResTime" : 622.6599464840884,
    "medianResTime" : 280.0,
    "minResTime" : 2.0,
    "maxResTime" : 63345.0,
    "pct1ResTime" : 352.0,
    "pct2ResTime" : 442.0,
    "pct3ResTime" : 60093.990000000005,
    "throughput" : 1430.0830389787445,
    "receivedKBytesPerSec" : 901.6292411509652,
    "sentKBytesPerSec" : 266.1084096331412
  },
  "Get hero by id" : {
    "transaction" : "Get hero by id",
    "sampleCount" : 18480,
    "errorCount" : 0,
    "errorPct" : 0.0,
    "meanResTime" : 213.30784632034656,
    "medianResTime" : 209.0,
    "minResTime" : 2.0,
    "maxResTime" : 840.0,
    "pct1ResTime" : 289.0,
    "pct2ResTime" : 321.0,
    "pct3ResTime" : 491.0,
    "throughput" : 297.85793723707746,
    "receivedKBytesPerSec" : 74.75536120110246,
    "sentKBytesPerSec" : 36.941365262801604
  },
  "Delete a hero" : {
    "transaction" : "Delete a hero",
    "sampleCount" : 18161,
    "errorCount" : 0,
    "errorPct" : 0.0,
    "meanResTime" : 210.1637024392937,
    "medianResTime" : 208.0,
    "minResTime" : 3.0,
    "maxResTime" : 753.0,
    "pct1ResTime" : 286.0,
    "pct2ResTime" : 305.0,
    "pct3ResTime" : 422.0,
    "throughput" : 295.37765922841714,
    "receivedKBytesPerSec" : 71.82523158972253,
    "sentKBytesPerSec" : 61.72931550281374
  }
}