{
  "Create a hero" : {
    "transaction" : "Create a hero",
    "sampleCount" : 11150,
    "errorCount" : 402,
    "errorPct" : 3.6053813,
    "meanResTime" : 468.9548878923747,
    "medianResTime" : 428.0,
    "minResTime" : 0.0,
    "maxResTime" : 68533.0,
    "pct1ResTime" : 998.0,
    "pct2ResTime" : 1529.449999999999,
    "pct3ResTime" : 2137.49,
    "throughput" : 90.13014307655,
    "receivedKBytesPerSec" : 28.33265866239593,
    "sentKBytesPerSec" : 20.70201984479832
  },
  "Change a hero" : {
    "transaction" : "Change a hero",
    "sampleCount" : 10835,
    "errorCount" : 350,
    "errorPct" : 3.2302723,
    "meanResTime" : 454.0539916935861,
    "medianResTime" : 428.0,
    "minResTime" : 1.0,
    "maxResTime" : 68532.0,
    "pct1ResTime" : 785.0,
    "pct2ResTime" : 1200.199999999999,
    "pct3ResTime" : 1951.0,
    "throughput" : 87.59873553832597,
    "receivedKBytesPerSec" : 28.896409290640236,
    "sentKBytesPerSec" : 20.281659355823884
  },
  "Get all Characters" : {
    "transaction" : "Get all Characters",
    "sampleCount" : 16245,
    "errorCount" : 2111,
    "errorPct" : 12.994767,
    "meanResTime" : 10686.16423514925,
    "medianResTime" : 497.0,
    "minResTime" : 0.0,
    "maxResTime" : 68552.0,
    "pct1ResTime" : 37716.399999999994,
    "pct2ResTime" : 43706.7,
    "pct3ResTime" : 65923.54,
    "throughput" : 126.5453015821084,
    "receivedKBytesPerSec" : 427.356516447676,
    "sentKBytesPerSec" : 13.547588131850157
  },
  "Total" : {
    "transaction" : "Total",
    "sampleCount" : 60423,
    "errorCount" : 3525,
    "errorPct" : 5.8338714,
    "meanResTime" : 3303.744186816286,
    "medianResTime" : 53.0,
    "minResTime" : 0.0,
    "maxResTime" : 68552.0,
    "pct1ResTime" : 35479.0,
    "pct2ResTime" : 42229.0,
    "pct3ResTime" : 65892.82000000004,
    "throughput" : 470.6830875651422,
    "receivedKBytesPerSec" : 537.2798529480499,
    "sentKBytesPerSec" : 80.66221546538213
  },
  "Get hero by id" : {
    "transaction" : "Get hero by id",
    "sampleCount" : 11636,
    "errorCount" : 412,
    "errorPct" : 3.5407357,
    "meanResTime" : 805.5399621863174,
    "medianResTime" : 433.0,
    "minResTime" : 0.0,
    "maxResTime" : 68531.0,
    "pct1ResTime" : 927.3000000000011,
    "pct2ResTime" : 1412.1499999999996,
    "pct3ResTime" : 8419.639999999978,
    "throughput" : 93.39583266446206,
    "receivedKBytesPerSec" : 31.161614932818573,
    "sentKBytesPerSec" : 11.173139166693423
  },
  "Delete a hero" : {
    "transaction" : "Delete a hero",
    "sampleCount" : 10557,
    "errorCount" : 250,
    "errorPct" : 2.368097,
    "meanResTime" : 616.0473619399452,
    "medianResTime" : 429.0,
    "minResTime" : 0.0,
    "maxResTime" : 68071.0,
    "pct1ResTime" : 984.4000000000015,
    "pct2ResTime" : 1388.0,
    "pct3ResTime" : 2119.42,
    "throughput" : 85.90889116742346,
    "receivedKBytesPerSec" : 25.630454432868675,
    "sentKBytesPerSec" : 17.528456887887963
  }
}